filename,width,height,class,xmin,ymin,xmax,ymax
2022.12.14.Menninger.FINAL Notice of Withdrawal of Motion for Attorney's Fees.pdf_image_1.png,1700,2200,Caption Page Information,268,221,1100,650
2022.12.14.Menninger.FINAL Notice of Withdrawal of Motion for Attorney's Fees.pdf_image_1.png,1700,2200,Court,492,660,1378,792
2022.12.14.Menninger.FINAL Notice of Withdrawal of Motion for Attorney's Fees.pdf_image_1.png,1700,2200,Parties Information,265,870,939,1377
2022.12.14.Menninger.FINAL Notice of Withdrawal of Motion for Attorney's Fees.pdf_image_1.png,1700,2200,Case Information,936,858,1609,1372
2022.12.14.Menninger.FINAL Notice of Withdrawal of Motion for Attorney's Fees.pdf_image_1.png,1700,2200,Body Paragraph,268,1428,1609,2011
2022.12.14.Menninger.FINAL Notice of Withdrawal of Motion for Attorney's Fees.pdf_image_1.png,1700,2200,Page Number,912,2026,958,2065
2022.12.14.Menninger.FINAL Notice of Withdrawal of Motion for Attorney's Fees.pdf_image_1.png,1700,2200,Footer,268,2097,1609,2153
2022.12.14.Menninger.FINAL Notice of Withdrawal of Motion for Attorney's Fees.pdf_image_2.png,1700,2200,Body Paragraph,258,224,1612,1309
2022.12.14.Menninger.FINAL Notice of Withdrawal of Motion for Attorney's Fees.pdf_image_2.png,1700,2200,Signature Box,265,1355,1619,1819
2022.12.14.Menninger.FINAL Notice of Withdrawal of Motion for Attorney's Fees.pdf_image_2.png,1700,2200,Page Number,912,2019,963,2072
2022.12.14.Menninger.FINAL Notice of Withdrawal of Motion for Attorney's Fees.pdf_image_2.png,1700,2200,Footer,263,2097,1614,2182
2022.12.14.Menninger.FINAL Proposed Order re Withdraw Motion for Attorney's Fees.pdf_image_1.png,1700,2200,Caption Page Information,267,225,1152,629
2022.12.14.Menninger.FINAL Proposed Order re Withdraw Motion for Attorney's Fees.pdf_image_1.png,1700,2200,Court,512,650,1387,815
2022.12.14.Menninger.FINAL Proposed Order re Withdraw Motion for Attorney's Fees.pdf_image_1.png,1700,2200,Parties Information,267,852,945,1349
2022.12.14.Menninger.FINAL Proposed Order re Withdraw Motion for Attorney's Fees.pdf_image_1.png,1700,2200,Case Information,952,854,1518,1342
2022.12.14.Menninger.FINAL Proposed Order re Withdraw Motion for Attorney's Fees.pdf_image_1.png,1700,2200,Body Paragraph,263,1377,1602,1860
2022.12.14.Menninger.FINAL Proposed Order re Withdraw Motion for Attorney's Fees.pdf_image_1.png,1700,2200,Usigned Signature Line,270,1889,1592,1992
2022.12.14.Menninger.FINAL Proposed Order re Withdraw Motion for Attorney's Fees.pdf_image_1.png,1700,2200,Page Number,913,2024,960,2080
2022.12.14.Menninger.FINAL Proposed Order re Withdraw Motion for Attorney's Fees.pdf_image_1.png,1700,2200,Footer,267,2094,1607,2180
20221025_RealQuest.com Â® - Report.pdf_image_1.png,1700,2200,Property Detail Report,7,4,1700,2200
Complaint CVPS2302852 (TKECK Development v. RNCH) Sv'd by mail 6.30.2023.pdf_image_1.png,1700,2200,Court Information,257,132,1467,314
Complaint CVPS2302852 (TKECK Development v. RNCH) Sv'd by mail 6.30.2023.pdf_image_1.png,1700,2200,Case Information,97,324,1218,450
Complaint CVPS2302852 (TKECK Development v. RNCH) Sv'd by mail 6.30.2023.pdf_image_1.png,1700,2200,Addressee,97,470,500,629
Complaint CVPS2302852 (TKECK Development v. RNCH) Sv'd by mail 6.30.2023.pdf_image_1.png,1700,2200,Hearing Information,122,662,1527,1045
Complaint CVPS2302852 (TKECK Development v. RNCH) Sv'd by mail 6.30.2023.pdf_image_1.png,1700,2200,Details,108,1069,1588,1825
Complaint CVPS2302852 (TKECK Development v. RNCH) Sv'd by mail 6.30.2023.pdf_image_1.png,1700,2200,Received Stamp,1260,455,1548,825
Complaint CVPS2302852 (TKECK Development v. RNCH) Sv'd by mail 6.30.2023.pdf_image_2.png,1700,2200,Certificate of Mailing,27,42,1620,857
Complaint CVPS2302852 (TKECK Development v. RNCH) Sv'd by mail 6.30.2023.pdf_image_3.png,1700,2200,Party Information,233,230,735,410
Complaint CVPS2302852 (TKECK Development v. RNCH) Sv'd by mail 6.30.2023.pdf_image_3.png,1700,2200,Filed Stamp,1032,29,1418,342
Complaint CVPS2302852 (TKECK Development v. RNCH) Sv'd by mail 6.30.2023.pdf_image_3.png,1700,2200,Court Information,452,407,1183,549
Complaint CVPS2302852 (TKECK Development v. RNCH) Sv'd by mail 6.30.2023.pdf_image_3.png,1700,2200,Parties Information,160,617,802,924
Complaint CVPS2302852 (TKECK Development v. RNCH) Sv'd by mail 6.30.2023.pdf_image_3.png,1700,2200,Case Information,815,609,1447,929
Complaint CVPS2302852 (TKECK Development v. RNCH) Sv'd by mail 6.30.2023.pdf_image_3.png,1700,2200,Body Paragraph,158,927,1438,1987
Complaint CVPS2302852 (TKECK Development v. RNCH) Sv'd by mail 6.30.2023.pdf_image_4.png,1700,2200,Body Paragraph,328,249,1517,2134
Complaint CVPS2302852 (TKECK Development v. RNCH) Sv'd by mail 6.30.2023.pdf_image_5.png,1700,2200,Body Paragraph,322,242,1517,610
Complaint CVPS2302852 (TKECK Development v. RNCH) Sv'd by mail 6.30.2023.pdf_image_6.png,1700,2200,City Information,123,34,515,179
Complaint CVPS2302852 (TKECK Development v. RNCH) Sv'd by mail 6.30.2023.pdf_image_6.png,1700,2200,Document Title,1080,64,1645,185
Complaint CVPS2302852 (TKECK Development v. RNCH) Sv'd by mail 6.30.2023.pdf_image_6.png,1700,2200,Addressee,215,439,588,549
Complaint CVPS2302852 (TKECK Development v. RNCH) Sv'd by mail 6.30.2023.pdf_image_6.png,1700,2200,Citation Information,97,560,1602,774
Complaint CVPS2302852 (TKECK Development v. RNCH) Sv'd by mail 6.30.2023.pdf_image_6.png,1700,2200,Ruling,125,835,1580,985
Complaint CVPS2302852 (TKECK Development v. RNCH) Sv'd by mail 6.30.2023.pdf_image_6.png,1700,2200,Body Paragraph,122,992,1577,2079
Complaint CVPS2302852 (TKECK Development v. RNCH) Sv'd by mail 6.30.2023.pdf_image_7.png,1700,2200,Exhibit,17,1,1700,2200
Complaint CVPS2302852 (TKECK Development v. RNCH) Sv'd by mail 6.30.2023.pdf_image_8.png,1700,2200,Letter Photocopy,622,120,1485,1867
complaint_heckman.pdf_image_1.png,1700,2200,Conformed Stamp,242,25,1452,75
complaint_heckman.pdf_image_1.png,1700,2200,Caption Page Information,270,177,933,620
complaint_heckman.pdf_image_1.png,1700,2200,Court,595,632,1295,824
complaint_heckman.pdf_image_1.png,1700,2200,Parties Information,270,837,930,1745
complaint_heckman.pdf_image_1.png,1700,2200,Case Information,928,832,1613,1955
complaint_heckman.pdf_image_1.png,1700,2200,Law Office Stamp,25,2032,262,2125
complaint_heckman.pdf_image_1.png,1700,2200,Footer,262,2047,1613,2162
complaint_heckman.pdf_image_10.png,1700,2200,Conformed Stamp,245,19,1495,77
complaint_heckman.pdf_image_10.png,1700,2200,Body Paragraph,265,167,1618,1987
complaint_heckman.pdf_image_10.png,1700,2200,Footer,272,2019,1613,2187
complaint_heckman.pdf_image_10.png,1700,2200,Law Office Stamp,27,2024,253,2134
complaint_heckman.pdf_image_11.png,1700,2200,Conformed Stamp,245,19,1495,77
complaint_heckman.pdf_image_11.png,1700,2200,Body Paragraph,265,167,1618,1987
complaint_heckman.pdf_image_11.png,1700,2200,Footer,272,2019,1613,2187
complaint_heckman.pdf_image_11.png,1700,2200,Law Office Stamp,27,2024,253,2134
complaint_heckman.pdf_image_12.png,1700,2200,Conformed Stamp,245,19,1495,77
complaint_heckman.pdf_image_12.png,1700,2200,Body Paragraph,265,167,1618,1987
complaint_heckman.pdf_image_12.png,1700,2200,Footer,272,2019,1613,2187
complaint_heckman.pdf_image_12.png,1700,2200,Law Office Stamp,27,2024,253,2134
complaint_heckman.pdf_image_13.png,1700,2200,Conformed Stamp,245,19,1495,77
complaint_heckman.pdf_image_13.png,1700,2200,Body Paragraph,265,167,1618,1987
complaint_heckman.pdf_image_13.png,1700,2200,Footer,272,2019,1613,2187
complaint_heckman.pdf_image_13.png,1700,2200,Law Office Stamp,27,2024,253,2134
complaint_heckman.pdf_image_14.png,1700,2200,Conformed Stamp,245,19,1495,77
complaint_heckman.pdf_image_14.png,1700,2200,Body Paragraph,265,167,1618,1987
complaint_heckman.pdf_image_14.png,1700,2200,Footer,272,2019,1613,2187
complaint_heckman.pdf_image_14.png,1700,2200,Law Office Stamp,27,2024,253,2134
complaint_heckman.pdf_image_15.png,1700,2200,Conformed Stamp,245,19,1495,77
complaint_heckman.pdf_image_15.png,1700,2200,Body Paragraph,265,167,1618,1987
complaint_heckman.pdf_image_15.png,1700,2200,Footer,272,2019,1613,2187
complaint_heckman.pdf_image_15.png,1700,2200,Law Office Stamp,27,2024,253,2134
complaint_heckman.pdf_image_16.png,1700,2200,Conformed Stamp,245,19,1495,77
complaint_heckman.pdf_image_16.png,1700,2200,Body Paragraph,265,167,1618,1987
complaint_heckman.pdf_image_16.png,1700,2200,Footer,272,2019,1613,2187
complaint_heckman.pdf_image_16.png,1700,2200,Law Office Stamp,27,2024,253,2134
complaint_heckman.pdf_image_17.png,1700,2200,Conformed Stamp,245,19,1495,77
complaint_heckman.pdf_image_17.png,1700,2200,Body Paragraph,265,167,1618,1987
complaint_heckman.pdf_image_17.png,1700,2200,Footer,272,2019,1613,2187
complaint_heckman.pdf_image_17.png,1700,2200,Law Office Stamp,27,2024,253,2134
complaint_heckman.pdf_image_18.png,1700,2200,Conformed Stamp,245,19,1495,77
complaint_heckman.pdf_image_18.png,1700,2200,Body Paragraph,265,167,1618,1987
complaint_heckman.pdf_image_18.png,1700,2200,Footer,272,2019,1613,2187
complaint_heckman.pdf_image_18.png,1700,2200,Law Office Stamp,27,2024,253,2134
complaint_heckman.pdf_image_19.png,1700,2200,Conformed Stamp,245,19,1495,77
complaint_heckman.pdf_image_19.png,1700,2200,Body Paragraph,265,167,1618,1987
complaint_heckman.pdf_image_19.png,1700,2200,Footer,272,2019,1613,2187
complaint_heckman.pdf_image_19.png,1700,2200,Law Office Stamp,27,2024,253,2134
complaint_heckman.pdf_image_2.png,1700,2200,Conformed Stamp,245,19,1495,77
complaint_heckman.pdf_image_2.png,1700,2200,Body Paragraph,265,167,1618,1987
complaint_heckman.pdf_image_2.png,1700,2200,Footer,272,2019,1613,2187
complaint_heckman.pdf_image_2.png,1700,2200,Law Office Stamp,27,2024,253,2134
complaint_heckman.pdf_image_20.png,1700,2200,Conformed Stamp,245,19,1495,77
complaint_heckman.pdf_image_20.png,1700,2200,Body Paragraph,265,167,1618,1987
complaint_heckman.pdf_image_20.png,1700,2200,Footer,272,2019,1613,2187
complaint_heckman.pdf_image_20.png,1700,2200,Law Office Stamp,27,2024,253,2134
complaint_heckman.pdf_image_21.png,1700,2200,Conformed Stamp,245,19,1495,77
complaint_heckman.pdf_image_21.png,1700,2200,Body Paragraph,265,167,1618,1987
complaint_heckman.pdf_image_21.png,1700,2200,Footer,272,2019,1613,2187
complaint_heckman.pdf_image_21.png,1700,2200,Law Office Stamp,27,2024,253,2134
complaint_heckman.pdf_image_22.png,1700,2200,Conformed Stamp,245,19,1495,77
complaint_heckman.pdf_image_22.png,1700,2200,Body Paragraph,265,167,1618,1987
complaint_heckman.pdf_image_22.png,1700,2200,Footer,272,2019,1613,2187
complaint_heckman.pdf_image_22.png,1700,2200,Law Office Stamp,27,2024,253,2134
complaint_heckman.pdf_image_23.png,1700,2200,Conformed Stamp,245,19,1495,77
complaint_heckman.pdf_image_23.png,1700,2200,Body Paragraph,265,167,1618,1987
complaint_heckman.pdf_image_23.png,1700,2200,Footer,272,2019,1613,2187
complaint_heckman.pdf_image_23.png,1700,2200,Law Office Stamp,27,2024,253,2134
complaint_heckman.pdf_image_24.png,1700,2200,Conformed Stamp,245,19,1495,77
complaint_heckman.pdf_image_24.png,1700,2200,Body Paragraph,265,167,1609,916
complaint_heckman.pdf_image_24.png,1700,2200,Footer,272,2019,1613,2187
complaint_heckman.pdf_image_24.png,1700,2200,Law Office Stamp,27,2024,253,2134
complaint_heckman.pdf_image_24.png,1700,2200,Signature Box,268,972,1622,1380
complaint_heckman.pdf_image_25.png,1700,2200,Conformed Stamp,245,19,1495,77
complaint_heckman.pdf_image_25.png,1700,2200,Body Paragraph,265,167,1609,367
complaint_heckman.pdf_image_25.png,1700,2200,Footer,272,2019,1613,2187
complaint_heckman.pdf_image_25.png,1700,2200,Law Office Stamp,27,2024,253,2134
complaint_heckman.pdf_image_25.png,1700,2200,Signature Box,268,413,1617,855
complaint_heckman.pdf_image_3.png,1700,2200,Conformed Stamp,245,19,1495,77
complaint_heckman.pdf_image_3.png,1700,2200,Body Paragraph,265,167,1618,1987
complaint_heckman.pdf_image_3.png,1700,2200,Footer,272,2019,1613,2187
complaint_heckman.pdf_image_3.png,1700,2200,Law Office Stamp,27,2024,253,2134
complaint_heckman.pdf_image_4.png,1700,2200,Conformed Stamp,245,19,1495,77
complaint_heckman.pdf_image_4.png,1700,2200,Body Paragraph,265,167,1618,1987
complaint_heckman.pdf_image_4.png,1700,2200,Footer,272,2019,1613,2187
complaint_heckman.pdf_image_4.png,1700,2200,Law Office Stamp,27,2024,253,2134
complaint_heckman.pdf_image_5.png,1700,2200,Conformed Stamp,245,19,1495,77
complaint_heckman.pdf_image_5.png,1700,2200,Body Paragraph,265,167,1618,1987
complaint_heckman.pdf_image_5.png,1700,2200,Footer,272,2019,1613,2187
complaint_heckman.pdf_image_5.png,1700,2200,Law Office Stamp,27,2024,253,2134
complaint_heckman.pdf_image_6.png,1700,2200,Conformed Stamp,245,19,1495,77
complaint_heckman.pdf_image_6.png,1700,2200,Body Paragraph,265,167,1618,1987
complaint_heckman.pdf_image_6.png,1700,2200,Footer,272,2019,1613,2187
complaint_heckman.pdf_image_6.png,1700,2200,Law Office Stamp,27,2024,253,2134
complaint_heckman.pdf_image_7.png,1700,2200,Conformed Stamp,245,19,1495,77
complaint_heckman.pdf_image_7.png,1700,2200,Body Paragraph,265,167,1618,1987
complaint_heckman.pdf_image_7.png,1700,2200,Footer,272,2019,1613,2187
complaint_heckman.pdf_image_7.png,1700,2200,Law Office Stamp,27,2024,253,2134
complaint_heckman.pdf_image_8.png,1700,2200,Conformed Stamp,245,19,1495,77
complaint_heckman.pdf_image_8.png,1700,2200,Body Paragraph,265,167,1618,1987
complaint_heckman.pdf_image_8.png,1700,2200,Footer,272,2019,1613,2187
complaint_heckman.pdf_image_8.png,1700,2200,Law Office Stamp,27,2024,253,2134
complaint_heckman.pdf_image_9.png,1700,2200,Conformed Stamp,245,19,1495,77
complaint_heckman.pdf_image_9.png,1700,2200,Body Paragraph,265,167,1618,1987
complaint_heckman.pdf_image_9.png,1700,2200,Footer,272,2019,1613,2187
complaint_heckman.pdf_image_9.png,1700,2200,Law Office Stamp,27,2024,253,2134
Davis v. City of RM- Response to Appeal of Admin Citation (CONFORMED 6.2.23).pdf_image_1.png,1700,2200,Caption Page Information,268,194,1087,648
Davis v. City of RM- Response to Appeal of Admin Citation (CONFORMED 6.2.23).pdf_image_1.png,1700,2200,Conformed Stamp,278,128,1575,211
Davis v. City of RM- Response to Appeal of Admin Citation (CONFORMED 6.2.23).pdf_image_1.png,1700,2200,Exemption Notice,1131,53,1551,143
Davis v. City of RM- Response to Appeal of Admin Citation (CONFORMED 6.2.23).pdf_image_1.png,1700,2200,Court,505,685,1392,865
Davis v. City of RM- Response to Appeal of Admin Citation (CONFORMED 6.2.23).pdf_image_1.png,1700,2200,Parties Information,270,899,931,1255
Davis v. City of RM- Response to Appeal of Admin Citation (CONFORMED 6.2.23).pdf_image_1.png,1700,2200,Case Information,931,897,1622,1253
Davis v. City of RM- Response to Appeal of Admin Citation (CONFORMED 6.2.23).pdf_image_1.png,1700,2200,Page Number,883,2080,1000,2126
Davis v. City of RM- Response to Appeal of Admin Citation (CONFORMED 6.2.23).pdf_image_1.png,1700,2200,Footer,273,2114,1626,2167
Davis v. City of RM- Response to Appeal of Admin Citation (CONFORMED 6.2.23).pdf_image_2.png,1700,2200,Body Paragraph,268,182,1631,2082
Davis v. City of RM- Response to Appeal of Admin Citation (CONFORMED 6.2.23).pdf_image_2.png,1700,2200,Page Number,909,2082,958,2119
Davis v. City of RM- Response to Appeal of Admin Citation (CONFORMED 6.2.23).pdf_image_2.png,1700,2200,Footer,278,2121,1636,2172
Davis v. City of RM- Response to Appeal of Admin Citation (CONFORMED 6.2.23).pdf_image_3.png,1700,2200,Body Paragraph,268,182,1626,1809
Davis v. City of RM- Response to Appeal of Admin Citation (CONFORMED 6.2.23).pdf_image_3.png,1700,2200,Page Number,909,2082,958,2119
Davis v. City of RM- Response to Appeal of Admin Citation (CONFORMED 6.2.23).pdf_image_3.png,1700,2200,Footer,278,2121,1636,2172
Davis v. City of RM- Response to Appeal of Admin Citation (CONFORMED 6.2.23).pdf_image_3.png,1700,2200,Reference Footnotes,270,1828,1624,2058
Davis v. City of RM- Response to Appeal of Admin Citation (CONFORMED 6.2.23).pdf_image_4.png,1700,2200,Body Paragraph,268,182,1629,2053
Davis v. City of RM- Response to Appeal of Admin Citation (CONFORMED 6.2.23).pdf_image_4.png,1700,2200,Page Number,909,2082,958,2119
Davis v. City of RM- Response to Appeal of Admin Citation (CONFORMED 6.2.23).pdf_image_4.png,1700,2200,Footer,278,2121,1636,2172
Davis v. City of RM- Response to Appeal of Admin Citation (CONFORMED 6.2.23).pdf_image_5.png,1700,2200,Body Paragraph,268,182,1629,2053
Davis v. City of RM- Response to Appeal of Admin Citation (CONFORMED 6.2.23).pdf_image_5.png,1700,2200,Page Number,909,2082,958,2119
Davis v. City of RM- Response to Appeal of Admin Citation (CONFORMED 6.2.23).pdf_image_5.png,1700,2200,Footer,278,2121,1636,2172
Davis v. City of RM- Response to Appeal of Admin Citation (CONFORMED 6.2.23).pdf_image_6.png,1700,2200,Body Paragraph,268,182,1629,2053
Davis v. City of RM- Response to Appeal of Admin Citation (CONFORMED 6.2.23).pdf_image_6.png,1700,2200,Page Number,909,2082,958,2119
Davis v. City of RM- Response to Appeal of Admin Citation (CONFORMED 6.2.23).pdf_image_6.png,1700,2200,Footer,278,2121,1636,2172
Davis v. City of RM- Response to Appeal of Admin Citation (CONFORMED 6.2.23).pdf_image_7.png,1700,2200,Body Paragraph,268,182,1629,2053
Davis v. City of RM- Response to Appeal of Admin Citation (CONFORMED 6.2.23).pdf_image_7.png,1700,2200,Page Number,909,2082,958,2119
Davis v. City of RM- Response to Appeal of Admin Citation (CONFORMED 6.2.23).pdf_image_7.png,1700,2200,Footer,278,2121,1636,2172
Davis v. City of RM- Response to Appeal of Admin Citation (CONFORMED 6.2.23).pdf_image_8.png,1700,2200,Body Paragraph,268,182,1644,382
Davis v. City of RM- Response to Appeal of Admin Citation (CONFORMED 6.2.23).pdf_image_8.png,1700,2200,Page Number,909,2082,958,2119
Davis v. City of RM- Response to Appeal of Admin Citation (CONFORMED 6.2.23).pdf_image_8.png,1700,2200,Footer,278,2121,1636,2172
Davis v. City of RM- Response to Appeal of Admin Citation (CONFORMED 6.2.23).pdf_image_8.png,1700,2200,Signature Box,265,446,1619,833
OFFICIAL SERVICE 5.22-cv-02031 Heckman - Standing Order.pdf_image_1.png,1700,2200,Signature Box,180,39,1523,90
OFFICIAL SERVICE 5.22-cv-02031 Heckman - Standing Order.pdf_image_1.png,1700,2200,Received Stamp,1010,120,1490,449
OFFICIAL SERVICE 5.22-cv-02031 Heckman - Standing Order.pdf_image_1.png,1700,2200,Court,548,565,1255,690
OFFICIAL SERVICE 5.22-cv-02031 Heckman - Standing Order.pdf_image_1.png,1700,2200,Parties Information,290,694,885,1230
OFFICIAL SERVICE 5.22-cv-02031 Heckman - Standing Order.pdf_image_1.png,1700,2200,Case Information,890,709,1385,929
OFFICIAL SERVICE 5.22-cv-02031 Heckman - Standing Order.pdf_image_1.png,1700,2200,Body Paragraph,288,1264,1527,2019
OFFICIAL SERVICE 5.22-cv-02031 Heckman - Standing Order.pdf_image_1.png,1700,2200,Footer,200,2047,1665,2167
OFFICIAL SERVICE 5.22-cv-02031 Heckman - Standing Order.pdf_image_10.png,1700,2200,Signature Box,180,39,1523,90
OFFICIAL SERVICE 5.22-cv-02031 Heckman - Standing Order.pdf_image_10.png,1700,2200,Body Paragraph,288,82,1523,360
OFFICIAL SERVICE 5.22-cv-02031 Heckman - Standing Order.pdf_image_10.png,1700,2200,Footer,200,2047,1665,2167
OFFICIAL SERVICE 5.22-cv-02031 Heckman - Standing Order.pdf_image_10.png,1700,2200,Signature Box,288,359,1528,642
OFFICIAL SERVICE 5.22-cv-02031 Heckman - Standing Order.pdf_image_10.png,1700,2200,Details,295,642,1497,1274
OFFICIAL SERVICE 5.22-cv-02031 Heckman - Standing Order.pdf_image_11.png,1700,2200,Conformed Stamp,197,49,1527,125
OFFICIAL SERVICE 5.22-cv-02031 Heckman - Standing Order.pdf_image_11.png,1700,2200,Court,462,202,1262,352
OFFICIAL SERVICE 5.22-cv-02031 Heckman - Standing Order.pdf_image_11.png,1700,2200,Parties Information,122,375,848,812
OFFICIAL SERVICE 5.22-cv-02031 Heckman - Standing Order.pdf_image_11.png,1700,2200,Case Information,852,374,1623,817
OFFICIAL SERVICE 5.22-cv-02031 Heckman - Standing Order.pdf_image_11.png,1700,2200,Document Title,613,819,1100,884
OFFICIAL SERVICE 5.22-cv-02031 Heckman - Standing Order.pdf_image_11.png,1700,2200,Addressee,130,902,557,1070
OFFICIAL SERVICE 5.22-cv-02031 Heckman - Standing Order.pdf_image_11.png,1700,2200,Body Paragraph,100,1140,1583,1670
OFFICIAL SERVICE 5.22-cv-02031 Heckman - Standing Order.pdf_image_11.png,1700,2200,Signature Box,87,1677,1587,1970
OFFICIAL SERVICE 5.22-cv-02031 Heckman - Standing Order.pdf_image_12.png,1700,2200,Caption Page Information,288,197,950,652
OFFICIAL SERVICE 5.22-cv-02031 Heckman - Standing Order.pdf_image_12.png,1700,2200,Court,592,645,1268,827
OFFICIAL SERVICE 5.22-cv-02031 Heckman - Standing Order.pdf_image_12.png,1700,2200,Parties Information,292,835,942,1714
OFFICIAL SERVICE 5.22-cv-02031 Heckman - Standing Order.pdf_image_12.png,1700,2200,Case Information,925,825,1592,1920
OFFICIAL SERVICE 5.22-cv-02031 Heckman - Standing Order.pdf_image_12.png,1700,2200,Law Office Stamp,52,2004,292,2085
OFFICIAL SERVICE 5.22-cv-02031 Heckman - Standing Order.pdf_image_12.png,1700,2200,Footer,27,2042,1648,2189
OFFICIAL SERVICE 5.22-cv-02031 Heckman - Standing Order.pdf_image_12.png,1700,2200,Conformed Stamp,255,50,1482,127
OFFICIAL SERVICE 5.22-cv-02031 Heckman - Standing Order.pdf_image_13.png,1700,2200,Law Office Stamp,52,2004,292,2085
OFFICIAL SERVICE 5.22-cv-02031 Heckman - Standing Order.pdf_image_13.png,1700,2200,Footer,27,2042,1648,2189
OFFICIAL SERVICE 5.22-cv-02031 Heckman - Standing Order.pdf_image_13.png,1700,2200,Conformed Stamp,255,50,1482,127
OFFICIAL SERVICE 5.22-cv-02031 Heckman - Standing Order.pdf_image_13.png,1700,2200,Body Paragraph,283,205,1598,1974
OFFICIAL SERVICE 5.22-cv-02031 Heckman - Standing Order.pdf_image_14.png,1700,2200,Law Office Stamp,52,2004,292,2085
OFFICIAL SERVICE 5.22-cv-02031 Heckman - Standing Order.pdf_image_14.png,1700,2200,Footer,27,2042,1648,2189
OFFICIAL SERVICE 5.22-cv-02031 Heckman - Standing Order.pdf_image_14.png,1700,2200,Conformed Stamp,255,50,1482,127
OFFICIAL SERVICE 5.22-cv-02031 Heckman - Standing Order.pdf_image_14.png,1700,2200,Body Paragraph,283,205,1598,1974
OFFICIAL SERVICE 5.22-cv-02031 Heckman - Standing Order.pdf_image_15.png,1700,2200,Law Office Stamp,52,2004,292,2085
OFFICIAL SERVICE 5.22-cv-02031 Heckman - Standing Order.pdf_image_15.png,1700,2200,Footer,27,2042,1648,2189
OFFICIAL SERVICE 5.22-cv-02031 Heckman - Standing Order.pdf_image_15.png,1700,2200,Conformed Stamp,255,50,1482,127
OFFICIAL SERVICE 5.22-cv-02031 Heckman - Standing Order.pdf_image_15.png,1700,2200,Body Paragraph,283,205,1598,1974
OFFICIAL SERVICE 5.22-cv-02031 Heckman - Standing Order.pdf_image_16.png,1700,2200,Law Office Stamp,52,2004,292,2085
OFFICIAL SERVICE 5.22-cv-02031 Heckman - Standing Order.pdf_image_16.png,1700,2200,Footer,27,2042,1648,2189
OFFICIAL SERVICE 5.22-cv-02031 Heckman - Standing Order.pdf_image_16.png,1700,2200,Conformed Stamp,255,50,1482,127
OFFICIAL SERVICE 5.22-cv-02031 Heckman - Standing Order.pdf_image_16.png,1700,2200,Body Paragraph,283,205,1598,1974
OFFICIAL SERVICE 5.22-cv-02031 Heckman - Standing Order.pdf_image_17.png,1700,2200,Law Office Stamp,52,2004,292,2085
OFFICIAL SERVICE 5.22-cv-02031 Heckman - Standing Order.pdf_image_17.png,1700,2200,Footer,27,2042,1648,2189
OFFICIAL SERVICE 5.22-cv-02031 Heckman - Standing Order.pdf_image_17.png,1700,2200,Conformed Stamp,255,50,1482,127
OFFICIAL SERVICE 5.22-cv-02031 Heckman - Standing Order.pdf_image_17.png,1700,2200,Body Paragraph,283,205,1598,1974
OFFICIAL SERVICE 5.22-cv-02031 Heckman - Standing Order.pdf_image_18.png,1700,2200,Law Office Stamp,52,2004,292,2085
OFFICIAL SERVICE 5.22-cv-02031 Heckman - Standing Order.pdf_image_18.png,1700,2200,Footer,27,2042,1648,2189
OFFICIAL SERVICE 5.22-cv-02031 Heckman - Standing Order.pdf_image_18.png,1700,2200,Conformed Stamp,255,50,1482,127
OFFICIAL SERVICE 5.22-cv-02031 Heckman - Standing Order.pdf_image_18.png,1700,2200,Body Paragraph,283,205,1598,1974
OFFICIAL SERVICE 5.22-cv-02031 Heckman - Standing Order.pdf_image_19.png,1700,2200,Law Office Stamp,52,2004,292,2085
OFFICIAL SERVICE 5.22-cv-02031 Heckman - Standing Order.pdf_image_19.png,1700,2200,Footer,27,2042,1648,2189
OFFICIAL SERVICE 5.22-cv-02031 Heckman - Standing Order.pdf_image_19.png,1700,2200,Conformed Stamp,255,50,1482,127
OFFICIAL SERVICE 5.22-cv-02031 Heckman - Standing Order.pdf_image_19.png,1700,2200,Body Paragraph,283,205,1598,1974
OFFICIAL SERVICE 5.22-cv-02031 Heckman - Standing Order.pdf_image_2.png,1700,2200,Signature Box,180,39,1523,90
OFFICIAL SERVICE 5.22-cv-02031 Heckman - Standing Order.pdf_image_2.png,1700,2200,Body Paragraph,288,82,1523,2019
OFFICIAL SERVICE 5.22-cv-02031 Heckman - Standing Order.pdf_image_2.png,1700,2200,Footer,200,2047,1665,2167
OFFICIAL SERVICE 5.22-cv-02031 Heckman - Standing Order.pdf_image_20.png,1700,2200,Law Office Stamp,52,2004,292,2085
OFFICIAL SERVICE 5.22-cv-02031 Heckman - Standing Order.pdf_image_20.png,1700,2200,Footer,27,2042,1648,2189
OFFICIAL SERVICE 5.22-cv-02031 Heckman - Standing Order.pdf_image_20.png,1700,2200,Conformed Stamp,255,50,1482,127
OFFICIAL SERVICE 5.22-cv-02031 Heckman - Standing Order.pdf_image_20.png,1700,2200,Body Paragraph,283,205,1598,1974
OFFICIAL SERVICE 5.22-cv-02031 Heckman - Standing Order.pdf_image_21.png,1700,2200,Law Office Stamp,52,2004,292,2085
OFFICIAL SERVICE 5.22-cv-02031 Heckman - Standing Order.pdf_image_21.png,1700,2200,Footer,27,2042,1648,2189
OFFICIAL SERVICE 5.22-cv-02031 Heckman - Standing Order.pdf_image_21.png,1700,2200,Conformed Stamp,255,50,1482,127
OFFICIAL SERVICE 5.22-cv-02031 Heckman - Standing Order.pdf_image_21.png,1700,2200,Body Paragraph,283,205,1598,1974
OFFICIAL SERVICE 5.22-cv-02031 Heckman - Standing Order.pdf_image_22.png,1700,2200,Law Office Stamp,52,2004,292,2085
OFFICIAL SERVICE 5.22-cv-02031 Heckman - Standing Order.pdf_image_22.png,1700,2200,Footer,27,2042,1648,2189
OFFICIAL SERVICE 5.22-cv-02031 Heckman - Standing Order.pdf_image_22.png,1700,2200,Conformed Stamp,255,50,1482,127
OFFICIAL SERVICE 5.22-cv-02031 Heckman - Standing Order.pdf_image_22.png,1700,2200,Body Paragraph,283,205,1598,1974
OFFICIAL SERVICE 5.22-cv-02031 Heckman - Standing Order.pdf_image_23.png,1700,2200,Law Office Stamp,52,2004,292,2085
OFFICIAL SERVICE 5.22-cv-02031 Heckman - Standing Order.pdf_image_23.png,1700,2200,Footer,27,2042,1648,2189
OFFICIAL SERVICE 5.22-cv-02031 Heckman - Standing Order.pdf_image_23.png,1700,2200,Conformed Stamp,255,50,1482,127
OFFICIAL SERVICE 5.22-cv-02031 Heckman - Standing Order.pdf_image_23.png,1700,2200,Body Paragraph,283,205,1602,1997
OFFICIAL SERVICE 5.22-cv-02031 Heckman - Standing Order.pdf_image_24.png,1700,2200,Law Office Stamp,52,2004,292,2085
OFFICIAL SERVICE 5.22-cv-02031 Heckman - Standing Order.pdf_image_24.png,1700,2200,Footer,27,2042,1648,2189
OFFICIAL SERVICE 5.22-cv-02031 Heckman - Standing Order.pdf_image_24.png,1700,2200,Conformed Stamp,255,50,1482,127
OFFICIAL SERVICE 5.22-cv-02031 Heckman - Standing Order.pdf_image_24.png,1700,2200,Body Paragraph,283,205,1602,1997
OFFICIAL SERVICE 5.22-cv-02031 Heckman - Standing Order.pdf_image_25.png,1700,2200,Law Office Stamp,52,2004,292,2085
OFFICIAL SERVICE 5.22-cv-02031 Heckman - Standing Order.pdf_image_25.png,1700,2200,Footer,27,2042,1648,2189
OFFICIAL SERVICE 5.22-cv-02031 Heckman - Standing Order.pdf_image_25.png,1700,2200,Conformed Stamp,255,50,1482,127
OFFICIAL SERVICE 5.22-cv-02031 Heckman - Standing Order.pdf_image_25.png,1700,2200,Body Paragraph,283,205,1602,1997
OFFICIAL SERVICE 5.22-cv-02031 Heckman - Standing Order.pdf_image_26.png,1700,2200,Law Office Stamp,52,2004,292,2085
OFFICIAL SERVICE 5.22-cv-02031 Heckman - Standing Order.pdf_image_26.png,1700,2200,Footer,27,2042,1648,2189
OFFICIAL SERVICE 5.22-cv-02031 Heckman - Standing Order.pdf_image_26.png,1700,2200,Conformed Stamp,255,50,1482,127
OFFICIAL SERVICE 5.22-cv-02031 Heckman - Standing Order.pdf_image_26.png,1700,2200,Body Paragraph,283,205,1602,1997
OFFICIAL SERVICE 5.22-cv-02031 Heckman - Standing Order.pdf_image_27.png,1700,2200,Law Office Stamp,52,2004,292,2085
OFFICIAL SERVICE 5.22-cv-02031 Heckman - Standing Order.pdf_image_27.png,1700,2200,Footer,27,2042,1648,2189
OFFICIAL SERVICE 5.22-cv-02031 Heckman - Standing Order.pdf_image_27.png,1700,2200,Conformed Stamp,255,50,1482,127
OFFICIAL SERVICE 5.22-cv-02031 Heckman - Standing Order.pdf_image_27.png,1700,2200,Body Paragraph,283,205,1602,1997
OFFICIAL SERVICE 5.22-cv-02031 Heckman - Standing Order.pdf_image_28.png,1700,2200,Law Office Stamp,52,2004,292,2085
OFFICIAL SERVICE 5.22-cv-02031 Heckman - Standing Order.pdf_image_28.png,1700,2200,Footer,27,2042,1648,2189
OFFICIAL SERVICE 5.22-cv-02031 Heckman - Standing Order.pdf_image_28.png,1700,2200,Conformed Stamp,255,50,1482,127
OFFICIAL SERVICE 5.22-cv-02031 Heckman - Standing Order.pdf_image_28.png,1700,2200,Body Paragraph,283,205,1602,1997
OFFICIAL SERVICE 5.22-cv-02031 Heckman - Standing Order.pdf_image_29.png,1700,2200,Law Office Stamp,52,2004,292,2085
OFFICIAL SERVICE 5.22-cv-02031 Heckman - Standing Order.pdf_image_29.png,1700,2200,Footer,27,2042,1648,2189
OFFICIAL SERVICE 5.22-cv-02031 Heckman - Standing Order.pdf_image_29.png,1700,2200,Conformed Stamp,255,50,1482,127
OFFICIAL SERVICE 5.22-cv-02031 Heckman - Standing Order.pdf_image_29.png,1700,2200,Body Paragraph,283,205,1602,1997
OFFICIAL SERVICE 5.22-cv-02031 Heckman - Standing Order.pdf_image_3.png,1700,2200,Signature Box,180,39,1523,90
OFFICIAL SERVICE 5.22-cv-02031 Heckman - Standing Order.pdf_image_3.png,1700,2200,Body Paragraph,288,82,1523,2019
OFFICIAL SERVICE 5.22-cv-02031 Heckman - Standing Order.pdf_image_3.png,1700,2200,Footer,200,2047,1665,2167
OFFICIAL SERVICE 5.22-cv-02031 Heckman - Standing Order.pdf_image_30.png,1700,2200,Law Office Stamp,52,2004,292,2085
OFFICIAL SERVICE 5.22-cv-02031 Heckman - Standing Order.pdf_image_30.png,1700,2200,Footer,27,2042,1648,2189
OFFICIAL SERVICE 5.22-cv-02031 Heckman - Standing Order.pdf_image_30.png,1700,2200,Conformed Stamp,255,50,1482,127
OFFICIAL SERVICE 5.22-cv-02031 Heckman - Standing Order.pdf_image_30.png,1700,2200,Body Paragraph,283,205,1602,1997
OFFICIAL SERVICE 5.22-cv-02031 Heckman - Standing Order.pdf_image_31.png,1700,2200,Law Office Stamp,52,2004,292,2085
OFFICIAL SERVICE 5.22-cv-02031 Heckman - Standing Order.pdf_image_31.png,1700,2200,Footer,27,2042,1648,2189
OFFICIAL SERVICE 5.22-cv-02031 Heckman - Standing Order.pdf_image_31.png,1700,2200,Conformed Stamp,255,50,1482,127
OFFICIAL SERVICE 5.22-cv-02031 Heckman - Standing Order.pdf_image_31.png,1700,2200,Body Paragraph,283,205,1602,1997
OFFICIAL SERVICE 5.22-cv-02031 Heckman - Standing Order.pdf_image_32.png,1700,2200,Law Office Stamp,52,2004,292,2085
OFFICIAL SERVICE 5.22-cv-02031 Heckman - Standing Order.pdf_image_32.png,1700,2200,Footer,27,2042,1648,2189
OFFICIAL SERVICE 5.22-cv-02031 Heckman - Standing Order.pdf_image_32.png,1700,2200,Conformed Stamp,255,50,1482,127
OFFICIAL SERVICE 5.22-cv-02031 Heckman - Standing Order.pdf_image_32.png,1700,2200,Body Paragraph,283,205,1602,1997
OFFICIAL SERVICE 5.22-cv-02031 Heckman - Standing Order.pdf_image_33.png,1700,2200,Law Office Stamp,52,2004,292,2085
OFFICIAL SERVICE 5.22-cv-02031 Heckman - Standing Order.pdf_image_33.png,1700,2200,Footer,27,2042,1648,2189
OFFICIAL SERVICE 5.22-cv-02031 Heckman - Standing Order.pdf_image_33.png,1700,2200,Conformed Stamp,255,50,1482,127
OFFICIAL SERVICE 5.22-cv-02031 Heckman - Standing Order.pdf_image_33.png,1700,2200,Body Paragraph,283,205,1602,1997
OFFICIAL SERVICE 5.22-cv-02031 Heckman - Standing Order.pdf_image_34.png,1700,2200,Law Office Stamp,52,2004,292,2085
OFFICIAL SERVICE 5.22-cv-02031 Heckman - Standing Order.pdf_image_34.png,1700,2200,Footer,27,2042,1648,2189
OFFICIAL SERVICE 5.22-cv-02031 Heckman - Standing Order.pdf_image_34.png,1700,2200,Conformed Stamp,255,50,1482,127
OFFICIAL SERVICE 5.22-cv-02031 Heckman - Standing Order.pdf_image_34.png,1700,2200,Body Paragraph,283,205,1602,1997
OFFICIAL SERVICE 5.22-cv-02031 Heckman - Standing Order.pdf_image_35.png,1700,2200,Law Office Stamp,52,2004,292,2085
OFFICIAL SERVICE 5.22-cv-02031 Heckman - Standing Order.pdf_image_35.png,1700,2200,Footer,27,2042,1648,2189
OFFICIAL SERVICE 5.22-cv-02031 Heckman - Standing Order.pdf_image_35.png,1700,2200,Conformed Stamp,255,50,1482,127
OFFICIAL SERVICE 5.22-cv-02031 Heckman - Standing Order.pdf_image_35.png,1700,2200,Body Paragraph,283,205,1587,929
OFFICIAL SERVICE 5.22-cv-02031 Heckman - Standing Order.pdf_image_35.png,1700,2200,Signature Box,297,959,1587,1390
OFFICIAL SERVICE 5.22-cv-02031 Heckman - Standing Order.pdf_image_36.png,1700,2200,Law Office Stamp,52,2004,292,2085
OFFICIAL SERVICE 5.22-cv-02031 Heckman - Standing Order.pdf_image_36.png,1700,2200,Footer,27,2042,1648,2189
OFFICIAL SERVICE 5.22-cv-02031 Heckman - Standing Order.pdf_image_36.png,1700,2200,Conformed Stamp,255,50,1482,127
OFFICIAL SERVICE 5.22-cv-02031 Heckman - Standing Order.pdf_image_36.png,1700,2200,Body Paragraph,302,182,1593,420
OFFICIAL SERVICE 5.22-cv-02031 Heckman - Standing Order.pdf_image_36.png,1700,2200,Signature Box,293,450,1592,865
OFFICIAL SERVICE 5.22-cv-02031 Heckman - Standing Order.pdf_image_4.png,1700,2200,Signature Box,180,39,1523,90
OFFICIAL SERVICE 5.22-cv-02031 Heckman - Standing Order.pdf_image_4.png,1700,2200,Body Paragraph,288,82,1523,2019
OFFICIAL SERVICE 5.22-cv-02031 Heckman - Standing Order.pdf_image_4.png,1700,2200,Footer,200,2047,1665,2167
OFFICIAL SERVICE 5.22-cv-02031 Heckman - Standing Order.pdf_image_40.png,1700,2200,Caption Page Information,292,202,980,626
OFFICIAL SERVICE 5.22-cv-02031 Heckman - Standing Order.pdf_image_40.png,1700,2200,Court,605,636,1290,816
OFFICIAL SERVICE 5.22-cv-02031 Heckman - Standing Order.pdf_image_40.png,1700,2200,Parties Information,295,838,934,1202
OFFICIAL SERVICE 5.22-cv-02031 Heckman - Standing Order.pdf_image_40.png,1700,2200,Case Information,936,831,1595,1192
OFFICIAL SERVICE 5.22-cv-02031 Heckman - Standing Order.pdf_image_40.png,1700,2200,Law Office Stamp,53,1999,285,2087
OFFICIAL SERVICE 5.22-cv-02031 Heckman - Standing Order.pdf_image_40.png,1700,2200,Footer,12,2007,1685,2153
OFFICIAL SERVICE 5.22-cv-02031 Heckman - Standing Order.pdf_image_40.png,1700,2200,Conformed Stamp,270,41,1483,141
OFFICIAL SERVICE 5.22-cv-02031 Heckman - Standing Order.pdf_image_41.png,1700,2200,Law Office Stamp,53,1999,285,2087
OFFICIAL SERVICE 5.22-cv-02031 Heckman - Standing Order.pdf_image_41.png,1700,2200,Footer,12,2007,1685,2153
OFFICIAL SERVICE 5.22-cv-02031 Heckman - Standing Order.pdf_image_41.png,1700,2200,Conformed Stamp,270,41,1483,141
OFFICIAL SERVICE 5.22-cv-02031 Heckman - Standing Order.pdf_image_41.png,1700,2200,Signature Box,300,1007,1597,1426
OFFICIAL SERVICE 5.22-cv-02031 Heckman - Standing Order.pdf_image_41.png,1700,2200,Body Paragraph,295,197,1587,963
OFFICIAL SERVICE 5.22-cv-02031 Heckman - Standing Order.pdf_image_42.png,1700,2200,Conformed Stamp,178,46,1541,126
OFFICIAL SERVICE 5.22-cv-02031 Heckman - Standing Order.pdf_image_42.png,1700,2200,Court,463,163,1339,294
OFFICIAL SERVICE 5.22-cv-02031 Heckman - Standing Order.pdf_image_42.png,1700,2200,Document Title,465,307,1331,358
OFFICIAL SERVICE 5.22-cv-02031 Heckman - Standing Order.pdf_image_42.png,1700,2200,Details,200,407,1600,1004
OFFICIAL SERVICE 5.22-cv-02031 Heckman - Standing Order.pdf_image_42.png,1700,2200,Signature Box,190,1114,1595,1397
OFFICIAL SERVICE 5.22-cv-02031 Heckman - Standing Order.pdf_image_42.png,1700,2200,Details,180,1463,1636,1872
OFFICIAL SERVICE 5.22-cv-02031 Heckman - Standing Order.pdf_image_42.png,1700,2200,Footer,75,1933,1663,2097
OFFICIAL SERVICE 5.22-cv-02031 Heckman - Standing Order.pdf_image_43.png,1700,2200,Conformed Stamp,178,46,1541,126
OFFICIAL SERVICE 5.22-cv-02031 Heckman - Standing Order.pdf_image_43.png,1700,2200,Court,502,190,1378,321
OFFICIAL SERVICE 5.22-cv-02031 Heckman - Standing Order.pdf_image_43.png,1700,2200,Footer,97,1987,1685,2151
OFFICIAL SERVICE 5.22-cv-02031 Heckman - Standing Order.pdf_image_43.png,1700,2200,Parties Information,209,326,868,838
OFFICIAL SERVICE 5.22-cv-02031 Heckman - Standing Order.pdf_image_43.png,1700,2200,Case Information,875,316,1585,841
OFFICIAL SERVICE 5.22-cv-02031 Heckman - Standing Order.pdf_image_43.png,1700,2200,Body Paragraph,185,853,1636,1755
OFFICIAL SERVICE 5.22-cv-02031 Heckman - Standing Order.pdf_image_43.png,1700,2200,Signature Box,126,1760,1453,1967
OFFICIAL SERVICE 5.22-cv-02031 Heckman - Standing Order.pdf_image_44.png,1700,2200,Conformed Stamp,178,46,1541,126
OFFICIAL SERVICE 5.22-cv-02031 Heckman - Standing Order.pdf_image_44.png,1700,2200,Court,498,180,1374,311
OFFICIAL SERVICE 5.22-cv-02031 Heckman - Standing Order.pdf_image_44.png,1700,2200,Footer,97,1987,1685,2151
OFFICIAL SERVICE 5.22-cv-02031 Heckman - Standing Order.pdf_image_44.png,1700,2200,Body Paragraph,178,497,1636,1755
OFFICIAL SERVICE 5.22-cv-02031 Heckman - Standing Order.pdf_image_44.png,1700,2200,Details,341,289,1519,453
OFFICIAL SERVICE 5.22-cv-02031 Heckman - Standing Order.pdf_image_45.png,1700,2200,Conformed Stamp,178,46,1541,126
OFFICIAL SERVICE 5.22-cv-02031 Heckman - Standing Order.pdf_image_45.png,1700,2200,Court,498,180,1374,311
OFFICIAL SERVICE 5.22-cv-02031 Heckman - Standing Order.pdf_image_45.png,1700,2200,Body Paragraph,178,867,1644,1755
OFFICIAL SERVICE 5.22-cv-02031 Heckman - Standing Order.pdf_image_45.png,1700,2200,Parties Information,207,263,873,811
OFFICIAL SERVICE 5.22-cv-02031 Heckman - Standing Order.pdf_image_45.png,1700,2200,Case Information,878,258,1602,824
OFFICIAL SERVICE 5.22-cv-02031 Heckman - Standing Order.pdf_image_46.png,1700,2200,Caption Page Information,714,97,1514,382
OFFICIAL SERVICE 5.22-cv-02031 Heckman - Standing Order.pdf_image_46.png,1700,2200,Court,641,655,1348,799
OFFICIAL SERVICE 5.22-cv-02031 Heckman - Standing Order.pdf_image_46.png,1700,2200,Parties Information,300,855,934,1189
OFFICIAL SERVICE 5.22-cv-02031 Heckman - Standing Order.pdf_image_46.png,1700,2200,Case Information,953,841,1563,1207
OFFICIAL SERVICE 5.22-cv-02031 Heckman - Standing Order.pdf_image_46.png,1700,2200,Details,553,1255,1409,1392
OFFICIAL SERVICE 5.22-cv-02031 Heckman - Standing Order.pdf_image_46.png,1700,2200,Body Paragraph,305,1394,1595,1992
OFFICIAL SERVICE 5.22-cv-02031 Heckman - Standing Order.pdf_image_46.png,1700,2200,Page Number,924,2019,1012,2104
OFFICIAL SERVICE 5.22-cv-02031 Heckman - Standing Order.pdf_image_47.png,1700,2200,Body Paragraph,302,219,1595,2014
OFFICIAL SERVICE 5.22-cv-02031 Heckman - Standing Order.pdf_image_47.png,1700,2200,Page Number,926,2036,997,2097
OFFICIAL SERVICE 5.22-cv-02031 Heckman - Standing Order.pdf_image_48.png,1700,2200,Body Paragraph,302,219,1595,2014
OFFICIAL SERVICE 5.22-cv-02031 Heckman - Standing Order.pdf_image_48.png,1700,2200,Page Number,926,2036,997,2097
OFFICIAL SERVICE 5.22-cv-02031 Heckman - Standing Order.pdf_image_49.png,1700,2200,Body Paragraph,302,219,1595,2014
OFFICIAL SERVICE 5.22-cv-02031 Heckman - Standing Order.pdf_image_49.png,1700,2200,Page Number,926,2036,997,2097
OFFICIAL SERVICE 5.22-cv-02031 Heckman - Standing Order.pdf_image_5.png,1700,2200,Signature Box,180,39,1523,90
OFFICIAL SERVICE 5.22-cv-02031 Heckman - Standing Order.pdf_image_5.png,1700,2200,Body Paragraph,288,82,1523,2019
OFFICIAL SERVICE 5.22-cv-02031 Heckman - Standing Order.pdf_image_5.png,1700,2200,Footer,200,2047,1665,2167
OFFICIAL SERVICE 5.22-cv-02031 Heckman - Standing Order.pdf_image_50.png,1700,2200,Body Paragraph,302,219,1595,2014
OFFICIAL SERVICE 5.22-cv-02031 Heckman - Standing Order.pdf_image_50.png,1700,2200,Page Number,926,2036,997,2097
OFFICIAL SERVICE 5.22-cv-02031 Heckman - Standing Order.pdf_image_51.png,1700,2200,Body Paragraph,302,219,1595,2014
OFFICIAL SERVICE 5.22-cv-02031 Heckman - Standing Order.pdf_image_51.png,1700,2200,Page Number,926,2036,997,2097
OFFICIAL SERVICE 5.22-cv-02031 Heckman - Standing Order.pdf_image_52.png,1700,2200,Body Paragraph,302,219,1587,1307
OFFICIAL SERVICE 5.22-cv-02031 Heckman - Standing Order.pdf_image_52.png,1700,2200,Page Number,926,2036,997,2097
OFFICIAL SERVICE 5.22-cv-02031 Heckman - Standing Order.pdf_image_52.png,1700,2200,Footer Notes,322,1789,1587,2024
OFFICIAL SERVICE 5.22-cv-02031 Heckman - Standing Order.pdf_image_54.png,1700,2200,Caption Page Information,717,41,1461,314
OFFICIAL SERVICE 5.22-cv-02031 Heckman - Standing Order.pdf_image_54.png,1700,2200,Court,578,628,1305,775
OFFICIAL SERVICE 5.22-cv-02031 Heckman - Standing Order.pdf_image_54.png,1700,2200,Parties Information,268,846,834,1165
OFFICIAL SERVICE 5.22-cv-02031 Heckman - Standing Order.pdf_image_54.png,1700,2200,Case Information,836,841,1592,1163
OFFICIAL SERVICE 5.22-cv-02031 Heckman - Standing Order.pdf_image_54.png,1700,2200,Body Paragraph,251,1270,1583,1924
OFFICIAL SERVICE 5.22-cv-02031 Heckman - Standing Order.pdf_image_54.png,1700,2200,Footer,75,1977,1656,2177
OFFICIAL SERVICE 5.22-cv-02031 Heckman - Standing Order.pdf_image_55.png,1700,2200,Body Paragraph,265,211,1587,1943
OFFICIAL SERVICE 5.22-cv-02031 Heckman - Standing Order.pdf_image_55.png,1700,2200,Page Number,897,1970,958,2028
OFFICIAL SERVICE 5.22-cv-02031 Heckman - Standing Order.pdf_image_55.png,1700,2200,Footer,87,1970,1668,2165
OFFICIAL SERVICE 5.22-cv-02031 Heckman - Standing Order.pdf_image_56.png,1700,2200,Body Paragraph,265,211,1587,1943
OFFICIAL SERVICE 5.22-cv-02031 Heckman - Standing Order.pdf_image_56.png,1700,2200,Page Number,897,1970,958,2028
OFFICIAL SERVICE 5.22-cv-02031 Heckman - Standing Order.pdf_image_56.png,1700,2200,Footer,87,1970,1668,2165
OFFICIAL SERVICE 5.22-cv-02031 Heckman - Standing Order.pdf_image_57.png,1700,2200,Body Paragraph,265,211,1597,1711
OFFICIAL SERVICE 5.22-cv-02031 Heckman - Standing Order.pdf_image_57.png,1700,2200,Page Number,897,1970,958,2028
OFFICIAL SERVICE 5.22-cv-02031 Heckman - Standing Order.pdf_image_57.png,1700,2200,Footer,87,1970,1668,2165
OFFICIAL SERVICE 5.22-cv-02031 Heckman - Standing Order.pdf_image_58.png,1700,2200,Body Paragraph,265,211,1595,1785
OFFICIAL SERVICE 5.22-cv-02031 Heckman - Standing Order.pdf_image_58.png,1700,2200,Page Number,897,1970,958,2028
OFFICIAL SERVICE 5.22-cv-02031 Heckman - Standing Order.pdf_image_58.png,1700,2200,Footer,87,1970,1668,2165
OFFICIAL SERVICE 5.22-cv-02031 Heckman - Standing Order.pdf_image_59.png,1700,2200,Body Paragraph,265,211,1590,1870
OFFICIAL SERVICE 5.22-cv-02031 Heckman - Standing Order.pdf_image_59.png,1700,2200,Page Number,897,1970,958,2028
OFFICIAL SERVICE 5.22-cv-02031 Heckman - Standing Order.pdf_image_59.png,1700,2200,Footer,87,1970,1668,2165
OFFICIAL SERVICE 5.22-cv-02031 Heckman - Standing Order.pdf_image_6.png,1700,2200,Signature Box,180,39,1523,90
OFFICIAL SERVICE 5.22-cv-02031 Heckman - Standing Order.pdf_image_6.png,1700,2200,Body Paragraph,288,82,1523,2019
OFFICIAL SERVICE 5.22-cv-02031 Heckman - Standing Order.pdf_image_6.png,1700,2200,Footer,200,2047,1665,2167
OFFICIAL SERVICE 5.22-cv-02031 Heckman - Standing Order.pdf_image_60.png,1700,2200,Body Paragraph,265,211,1600,1921
OFFICIAL SERVICE 5.22-cv-02031 Heckman - Standing Order.pdf_image_60.png,1700,2200,Page Number,897,1970,958,2028
OFFICIAL SERVICE 5.22-cv-02031 Heckman - Standing Order.pdf_image_60.png,1700,2200,Footer,87,1970,1668,2165
OFFICIAL SERVICE 5.22-cv-02031 Heckman - Standing Order.pdf_image_61.png,1700,2200,Body Paragraph,265,211,1597,1782
OFFICIAL SERVICE 5.22-cv-02031 Heckman - Standing Order.pdf_image_61.png,1700,2200,Page Number,897,1970,958,2028
OFFICIAL SERVICE 5.22-cv-02031 Heckman - Standing Order.pdf_image_61.png,1700,2200,Footer,87,1970,1668,2165
OFFICIAL SERVICE 5.22-cv-02031 Heckman - Standing Order.pdf_image_62.png,1700,2200,Body Paragraph,265,211,1590,1855
OFFICIAL SERVICE 5.22-cv-02031 Heckman - Standing Order.pdf_image_62.png,1700,2200,Page Number,897,1970,958,2028
OFFICIAL SERVICE 5.22-cv-02031 Heckman - Standing Order.pdf_image_62.png,1700,2200,Footer,87,1970,1668,2165
OFFICIAL SERVICE 5.22-cv-02031 Heckman - Standing Order.pdf_image_63.png,1700,2200,Body Paragraph,265,211,1585,1948
OFFICIAL SERVICE 5.22-cv-02031 Heckman - Standing Order.pdf_image_63.png,1700,2200,Page Number,897,1970,958,2028
OFFICIAL SERVICE 5.22-cv-02031 Heckman - Standing Order.pdf_image_63.png,1700,2200,Footer,87,1970,1668,2165
OFFICIAL SERVICE 5.22-cv-02031 Heckman - Standing Order.pdf_image_64.png,1700,2200,Body Paragraph,265,211,1590,1777
OFFICIAL SERVICE 5.22-cv-02031 Heckman - Standing Order.pdf_image_64.png,1700,2200,Page Number,897,1970,958,2028
OFFICIAL SERVICE 5.22-cv-02031 Heckman - Standing Order.pdf_image_64.png,1700,2200,Footer,87,1970,1668,2165
OFFICIAL SERVICE 5.22-cv-02031 Heckman - Standing Order.pdf_image_65.png,1700,2200,Details,265,211,1578,787
OFFICIAL SERVICE 5.22-cv-02031 Heckman - Standing Order.pdf_image_65.png,1700,2200,Page Number,897,1970,958,2028
OFFICIAL SERVICE 5.22-cv-02031 Heckman - Standing Order.pdf_image_65.png,1700,2200,Footer,87,1970,1668,2165
OFFICIAL SERVICE 5.22-cv-02031 Heckman - Standing Order.pdf_image_7.png,1700,2200,Signature Box,180,39,1523,90
OFFICIAL SERVICE 5.22-cv-02031 Heckman - Standing Order.pdf_image_7.png,1700,2200,Body Paragraph,288,82,1523,2019
OFFICIAL SERVICE 5.22-cv-02031 Heckman - Standing Order.pdf_image_7.png,1700,2200,Footer,200,2047,1665,2167
OFFICIAL SERVICE 5.22-cv-02031 Heckman - Standing Order.pdf_image_8.png,1700,2200,Signature Box,180,39,1523,90
OFFICIAL SERVICE 5.22-cv-02031 Heckman - Standing Order.pdf_image_8.png,1700,2200,Body Paragraph,288,82,1523,2019
OFFICIAL SERVICE 5.22-cv-02031 Heckman - Standing Order.pdf_image_8.png,1700,2200,Footer,200,2047,1665,2167
OFFICIAL SERVICE 5.22-cv-02031 Heckman - Standing Order.pdf_image_9.png,1700,2200,Signature Box,180,39,1523,90
OFFICIAL SERVICE 5.22-cv-02031 Heckman - Standing Order.pdf_image_9.png,1700,2200,Body Paragraph,288,82,1523,2019
OFFICIAL SERVICE 5.22-cv-02031 Heckman - Standing Order.pdf_image_9.png,1700,2200,Footer,200,2047,1665,2167
POS OF FINAL NOTICE WITHDRAWAL AND PROPOSED ORDER.pdf_image_1.png,1700,2200,Filer Information,105,126,1097,392
POS OF FINAL NOTICE WITHDRAWAL AND PROPOSED ORDER.pdf_image_1.png,1700,2200,Court Information,105,397,1112,555
POS OF FINAL NOTICE WITHDRAWAL AND PROPOSED ORDER.pdf_image_1.png,1700,2200,Case Number,1100,536,1600,621
POS OF FINAL NOTICE WITHDRAWAL AND PROPOSED ORDER.pdf_image_1.png,1700,2200,Parties Information,102,553,1107,648
POS OF FINAL NOTICE WITHDRAWAL AND PROPOSED ORDER.pdf_image_1.png,1700,2200,Address,114,967,1061,1021
POS OF FINAL NOTICE WITHDRAWAL AND PROPOSED ORDER.pdf_image_1.png,1700,2200,POS Information,87,1102,1639,1219
POS OF FINAL NOTICE WITHDRAWAL AND PROPOSED ORDER.pdf_image_1.png,1700,2200,Address,126,1404,1380,1480
POS OF FINAL NOTICE WITHDRAWAL AND PROPOSED ORDER.pdf_image_2.png,1700,2200,Signature Box,65,1065,1563,1275
POS OF FINAL NOTICE WITHDRAWAL AND PROPOSED ORDER.pdf_image_2.png,1700,2200,Case Information,85,124,1597,216
POS OF FINAL NOTICE WITHDRAWAL AND PROPOSED ORDER.pdf_image_2.png,1700,2200,Document Title,1473,89,1626,138
POS OF FINAL NOTICE WITHDRAWAL AND PROPOSED ORDER.pdf_image_2.png,1700,2200,Footer,36,2028,1675,2172
RM11-103 POS SUPPLEMENTAL BRIEF 9.7.2023.pdf_image_1.png,1700,2200,Filer Information,100,128,1097,394
RM11-103 POS SUPPLEMENTAL BRIEF 9.7.2023.pdf_image_1.png,1700,2200,Court Information,95,389,1097,558
RM11-103 POS SUPPLEMENTAL BRIEF 9.7.2023.pdf_image_1.png,1700,2200,Parties Information,100,560,1105,631
RM11-103 POS SUPPLEMENTAL BRIEF 9.7.2023.pdf_image_1.png,1700,2200,Case Number,1092,536,1595,609
RM11-103 POS SUPPLEMENTAL BRIEF 9.7.2023.pdf_image_1.png,1700,2200,Judge Name,1105,619,1595,694
RM11-103 POS SUPPLEMENTAL BRIEF 9.7.2023.pdf_image_1.png,1700,2200,Department,1095,709,1600,797
RM11-103 POS SUPPLEMENTAL BRIEF 9.7.2023.pdf_image_1.png,1700,2200,Document Title,102,646,1102,814
RM11-103 POS SUPPLEMENTAL BRIEF 9.7.2023.pdf_image_1.png,1700,2200,Address,78,1099,1502,1204
RM11-103 POS SUPPLEMENTAL BRIEF 9.7.2023.pdf_image_1.png,1700,2200,Address,122,1394,968,1494
RM11-103 POS SUPPLEMENTAL BRIEF 9.7.2023.pdf_image_1.png,1700,2200,Footer,58,2014,1668,2175
RM11-103 POS SUPPLEMENTAL BRIEF 9.7.2023.pdf_image_2.png,1700,2200,Case Information,100,124,1602,214
RM11-103 POS SUPPLEMENTAL BRIEF 9.7.2023.pdf_image_2.png,1700,2200,Signature Box,39,1055,1507,1277
RM11-103 POS SUPPLEMENTAL BRIEF 9.7.2023.pdf_image_2.png,1700,2200,Footer,51,2028,1690,2146
RM11-103 Supplemental Brief (9.6.2023).pdf_image_1.png,1700,2200,Caption Page Information,265,192,1102,685
RM11-103 Supplemental Brief (9.6.2023).pdf_image_1.png,1700,2200,Court,485,709,1419,899
RM11-103 Supplemental Brief (9.6.2023).pdf_image_1.png,1700,2200,Parties Information,268,911,934,1304
RM11-103 Supplemental Brief (9.6.2023).pdf_image_1.png,1700,2200,Case Information,934,909,1624,1311
RM11-103 Supplemental Brief (9.6.2023).pdf_image_1.png,1700,2200,Body Paragraph,270,1321,1619,2046
RM11-103 Supplemental Brief (9.6.2023).pdf_image_1.png,1700,2200,Page Number,900,2041,973,2087
RM11-103 Supplemental Brief (9.6.2023).pdf_image_1.png,1700,2200,Footer,258,2077,1636,2180
RM11-103 Supplemental Brief (9.6.2023).pdf_image_2.png,1700,2200,Body Paragraph,270,170,1629,2046
RM11-103 Supplemental Brief (9.6.2023).pdf_image_2.png,1700,2200,Page Number,900,2041,973,2087
RM11-103 Supplemental Brief (9.6.2023).pdf_image_2.png,1700,2200,Footer,258,2077,1636,2180
RM11-103 Supplemental Brief (9.6.2023).pdf_image_3.png,1700,2200,Body Paragraph,270,170,1629,2046
RM11-103 Supplemental Brief (9.6.2023).pdf_image_3.png,1700,2200,Page Number,900,2041,973,2087
RM11-103 Supplemental Brief (9.6.2023).pdf_image_3.png,1700,2200,Footer,258,2077,1636,2180
RM11-103 Supplemental Brief (9.6.2023).pdf_image_4.png,1700,2200,Body Paragraph,270,170,1629,2046
RM11-103 Supplemental Brief (9.6.2023).pdf_image_4.png,1700,2200,Page Number,900,2041,973,2087
RM11-103 Supplemental Brief (9.6.2023).pdf_image_4.png,1700,2200,Footer,258,2077,1636,2180
RM11-103 Supplemental Brief (9.6.2023).pdf_image_5.png,1700,2200,Body Paragraph,270,170,1629,2046
RM11-103 Supplemental Brief (9.6.2023).pdf_image_5.png,1700,2200,Page Number,900,2041,973,2087
RM11-103 Supplemental Brief (9.6.2023).pdf_image_5.png,1700,2200,Footer,258,2077,1636,2180
RM11-103 Supplemental Brief (9.6.2023).pdf_image_6.png,1700,2200,Body Paragraph,270,170,1629,2046
RM11-103 Supplemental Brief (9.6.2023).pdf_image_6.png,1700,2200,Page Number,900,2041,973,2087
RM11-103 Supplemental Brief (9.6.2023).pdf_image_6.png,1700,2200,Footer,258,2077,1636,2180
RM11-103 Supplemental Brief (9.6.2023).pdf_image_7.png,1700,2200,Body Paragraph,270,170,1634,519
RM11-103 Supplemental Brief (9.6.2023).pdf_image_7.png,1700,2200,Page Number,900,2041,973,2087
RM11-103 Supplemental Brief (9.6.2023).pdf_image_7.png,1700,2200,Footer,258,2077,1636,2180
RM11-103 Supplemental Brief (9.6.2023).pdf_image_7.png,1700,2200,Signature Box,270,580,1624,1019
RNCH 11-103 MINUTE ORDER 6.28.23.pdf_image_1.png,1700,2200,Court,144,91,1492,235
RNCH 11-103 MINUTE ORDER 6.28.23.pdf_image_1.png,1700,2200,Case Information,90,455,794,555
RNCH 11-103 MINUTE ORDER 6.28.23.pdf_image_1.png,1700,2200,Details,94,770,470,931
RNCH 11-103 MINUTE ORDER 6.28.23.pdf_image_1.png,1700,2200,Body Paragraph,62,1066,1659,1738
RNCH 11-103 MINUTE ORDER 6.28.23.pdf_image_1.png,1700,2200,Footer,32,2043,1679,2183
RNCH 11-103 MINUTE ORDER 8.25.23.pdf_image_1.png,1700,2200,Court,144,91,1492,235
RNCH 11-103 MINUTE ORDER 8.25.23.pdf_image_1.png,1700,2200,Case Information,90,455,794,555
RNCH 11-103 MINUTE ORDER 8.25.23.pdf_image_1.png,1700,2200,Details,94,770,1224,1008
RNCH 11-103 MINUTE ORDER 8.25.23.pdf_image_1.png,1700,2200,Body Paragraph,62,1066,1659,1738
RNCH 11-103 MINUTE ORDER 8.25.23.pdf_image_1.png,1700,2200,Footer,32,2043,1679,2183
RNCH 11-103 POS RJN AND RESPONSE TO REQUEST FOR APPEAL.pdf_image_1.png,1700,2200,Filer Information,100,125,1100,396
RNCH 11-103 POS RJN AND RESPONSE TO REQUEST FOR APPEAL.pdf_image_1.png,1700,2200,Court Information,99,396,1099,555
RNCH 11-103 POS RJN AND RESPONSE TO REQUEST FOR APPEAL.pdf_image_1.png,1700,2200,Parties Information,102,555,1094,645
RNCH 11-103 POS RJN AND RESPONSE TO REQUEST FOR APPEAL.pdf_image_1.png,1700,2200,Case Number,1099,523,1602,616
RNCH 11-103 POS RJN AND RESPONSE TO REQUEST FOR APPEAL.pdf_image_1.png,1700,2200,Judge Name,1100,618,1599,711
RNCH 11-103 POS RJN AND RESPONSE TO REQUEST FOR APPEAL.pdf_image_1.png,1700,2200,Department,1102,713,1595,796
RNCH 11-103 POS RJN AND RESPONSE TO REQUEST FOR APPEAL.pdf_image_1.png,1700,2200,Document Title,102,646,1100,806
RNCH 11-103 POS RJN AND RESPONSE TO REQUEST FOR APPEAL.pdf_image_1.png,1700,2200,Address,90,933,1072,1016
RNCH 11-103 POS RJN AND RESPONSE TO REQUEST FOR APPEAL.pdf_image_1.png,1700,2200,Documents Served,65,1096,1645,1215
RNCH 11-103 POS RJN AND RESPONSE TO REQUEST FOR APPEAL.pdf_image_1.png,1700,2200,Addressee,74,1275,1360,1475
RNCH 11-103 POS RJN AND RESPONSE TO REQUEST FOR APPEAL.pdf_image_1.png,1700,2200,Footer,49,2025,1632,2131
RNCH 11-103 POS RJN AND RESPONSE TO REQUEST FOR APPEAL.pdf_image_2.png,1700,2200,Case Information,100,123,1104,215
RNCH 11-103 POS RJN AND RESPONSE TO REQUEST FOR APPEAL.pdf_image_2.png,1700,2200,Case Number,1097,123,1602,215
RNCH 11-103 POS RJN AND RESPONSE TO REQUEST FOR APPEAL.pdf_image_2.png,1700,2200,Signature Box,39,1006,1632,1280
RNCH 11-103 POS RJN AND RESPONSE TO REQUEST FOR APPEAL.pdf_image_2.png,1700,2200,Footer,39,2021,1684,2185
RNCH 11-103 STIP TO ESERVICE executed 9.7.23.pdf_image_1.png,1700,2200,Exemption Notice,1130,58,1577,161
RNCH 11-103 STIP TO ESERVICE executed 9.7.23.pdf_image_1.png,1700,2200,Caption Page Information,264,198,1167,676
RNCH 11-103 STIP TO ESERVICE executed 9.7.23.pdf_image_1.png,1700,2200,Court,500,728,1430,911
RNCH 11-103 STIP TO ESERVICE executed 9.7.23.pdf_image_1.png,1700,2200,Parties Information,280,980,927,1401
RNCH 11-103 STIP TO ESERVICE executed 9.7.23.pdf_image_1.png,1700,2200,Case Information,932,976,1625,1386
RNCH 11-103 STIP TO ESERVICE executed 9.7.23.pdf_image_1.png,1700,2200,Page Number,912,2088,975,2121
RNCH 11-103 STIP TO ESERVICE executed 9.7.23.pdf_image_1.png,1700,2200,Footer,262,2116,1610,2200
RNCH 11-103 STIP TO ESERVICE executed 9.7.23.pdf_image_2.png,1700,2200,Body Paragraph,265,196,1625,1175
RNCH 11-103 STIP TO ESERVICE executed 9.7.23.pdf_image_2.png,1700,2200,Signature Box,265,1191,1629,1580
RNCH 11-103 STIP TO ESERVICE executed 9.7.23.pdf_image_2.png,1700,2200,Signature Box,270,1580,1629,1986
RNCH 11-103 STIP TO ESERVICE executed 9.7.23.pdf_image_2.png,1700,2200,Footer,900,2081,969,2125
RNCH 11-103 STIP TO ESERVICE executed 9.7.23.pdf_image_2.png,1700,2200,Footer,270,2118,1607,2200
RNCH 11-105 Notice of Intent To File Responsive Pleading CONFORMED.pdf_image_1.png,1700,2200,Conformed Stamp,255,40,1587,140
RNCH 11-105 Notice of Intent To File Responsive Pleading CONFORMED.pdf_image_1.png,1700,2200,Caption Page Information,259,218,1080,590
RNCH 11-105 Notice of Intent To File Responsive Pleading CONFORMED.pdf_image_1.png,1700,2200,Exemption Notice,1062,590,1587,663
RNCH 11-105 Notice of Intent To File Responsive Pleading CONFORMED.pdf_image_1.png,1700,2200,Court,499,656,1397,810
RNCH 11-105 Notice of Intent To File Responsive Pleading CONFORMED.pdf_image_1.png,1700,2200,Parties Information,262,841,949,1230
RNCH 11-105 Notice of Intent To File Responsive Pleading CONFORMED.pdf_image_1.png,1700,2200,Case Information,954,828,1597,1218
RNCH 11-105 Notice of Intent To File Responsive Pleading CONFORMED.pdf_image_1.png,1700,2200,Body Paragraph,265,1296,1614,2026
RNCH 11-105 Notice of Intent To File Responsive Pleading CONFORMED.pdf_image_1.png,1700,2200,Page Number,909,2036,964,2070
RNCH 11-105 Notice of Intent To File Responsive Pleading CONFORMED.pdf_image_1.png,1700,2200,Footer,267,2070,1614,2200
RNCH 11-105 Notice of Intent To File Responsive Pleading CONFORMED.pdf_image_2.png,1700,2200,Footer,264,211,1602,600
RNCH 11-105 Notice of Intent To File Responsive Pleading CONFORMED.pdf_image_2.png,1700,2200,Signature Box,267,663,1605,1165
RNCH 11-105 Notice of Intent To File Responsive Pleading CONFORMED.pdf_image_2.png,1700,2200,Page Number,920,2035,960,2075
RNCH 11-105 Notice of Intent To File Responsive Pleading CONFORMED.pdf_image_2.png,1700,2200,Footer,260,2070,1617,2181
RNCH 11-105 Notice of Intent To File Responsive Pleading FINAL.pdf_image_1.png,1700,2200,Caption Page Information,264,221,1102,600
RNCH 11-105 Notice of Intent To File Responsive Pleading FINAL.pdf_image_1.png,1700,2200,Exemption Notice,1050,585,1575,665
RNCH 11-105 Notice of Intent To File Responsive Pleading FINAL.pdf_image_1.png,1700,2200,Court,505,656,1405,805
RNCH 11-105 Notice of Intent To File Responsive Pleading FINAL.pdf_image_1.png,1700,2200,Parties Information,259,838,952,1225
RNCH 11-105 Notice of Intent To File Responsive Pleading FINAL.pdf_image_1.png,1700,2200,Case Information,947,833,1609,1230
RNCH 11-105 Notice of Intent To File Responsive Pleading FINAL.pdf_image_1.png,1700,2200,Body Paragraph,257,1303,1604,2061
RNCH 11-105 Notice of Intent To File Responsive Pleading FINAL.pdf_image_1.png,1700,2200,Page Number,920,2036,947,2066
RNCH 11-105 Notice of Intent To File Responsive Pleading FINAL.pdf_image_1.png,1700,2200,Footer,264,2068,1614,2198
RNCH 11-105 Notice of Intent To File Responsive Pleading FINAL.pdf_image_2.png,1700,2200,Body Paragraph,264,221,1602,593
RNCH 11-105 Notice of Intent To File Responsive Pleading FINAL.pdf_image_2.png,1700,2200,Signature Box,262,661,1607,1153
RNCH 11-105 Notice of Intent To File Responsive Pleading FINAL.pdf_image_2.png,1700,2200,Page Number,902,2021,967,2075
RNCH 11-105 Notice of Intent To File Responsive Pleading FINAL.pdf_image_2.png,1700,2200,Footer,270,2071,1614,2190
RNCH 11-105 signed JOINT STIPULATION TO ELECTRONIC SERVICE.pdf_image_1.png,1700,2200,Exemption Notice,1134,50,1545,171
RNCH 11-105 signed JOINT STIPULATION TO ELECTRONIC SERVICE.pdf_image_1.png,1700,2200,Caption Page Information,265,193,1127,653
RNCH 11-105 signed JOINT STIPULATION TO ELECTRONIC SERVICE.pdf_image_1.png,1700,2200,Court,519,711,1372,871
RNCH 11-105 signed JOINT STIPULATION TO ELECTRONIC SERVICE.pdf_image_1.png,1700,2200,Parties Information,264,930,930,1341
RNCH 11-105 signed JOINT STIPULATION TO ELECTRONIC SERVICE.pdf_image_1.png,1700,2200,Case Number,939,926,1630,1336
RNCH 11-105 signed JOINT STIPULATION TO ELECTRONIC SERVICE.pdf_image_1.png,1700,2200,Page Number,909,2038,969,2088
RNCH 11-105 signed JOINT STIPULATION TO ELECTRONIC SERVICE.pdf_image_1.png,1700,2200,Footer,264,2090,1625,2200
RNCH 11-105 signed JOINT STIPULATION TO ELECTRONIC SERVICE.pdf_image_2.png,1700,2200,Body Paragraph,259,201,1632,1183
RNCH 11-105 signed JOINT STIPULATION TO ELECTRONIC SERVICE.pdf_image_2.png,1700,2200,Signature Box,277,1181,1627,1545
RNCH 11-105 signed JOINT STIPULATION TO ELECTRONIC SERVICE.pdf_image_2.png,1700,2200,Unsigned Signature Box,264,1543,1629,1946
RNCH 11-105 signed JOINT STIPULATION TO ELECTRONIC SERVICE.pdf_image_2.png,1700,2200,Page Number,909,2045,967,2090
RNCH 11-105 signed JOINT STIPULATION TO ELECTRONIC SERVICE.pdf_image_2.png,1700,2200,Footer,265,2083,1630,2200
RNCH 11-107 CERT OF COUNSEL.pdf_image_1.png,1699,2218,Filer Information,115,491,1135,742
RNCH 11-107 CERT OF COUNSEL.pdf_image_1.png,1699,2218,Parties Information,115,739,1127,925
RNCH 11-107 CERT OF COUNSEL.pdf_image_1.png,1699,2218,Case Number,1128,854,1633,937
RNCH 11-107 CERT OF COUNSEL.pdf_image_1.png,1699,2218,Filied Stamp,1135,490,1630,863
RNCH 11-107 CERT OF COUNSEL.pdf_image_1.png,1699,2218,Document Title,118,920,1635,1000
RNCH 11-107 CERT OF COUNSEL.pdf_image_1.png,1699,2218,Signature Box,74,1734,1633,2041
RNCH 11-107 CERT OF COUNSEL.pdf_image_1.png,1699,2218,Footer,38,2047,1684,2218
RNCH 11-107 MINUTE ORDER 7.28.23.pdf_image_1.png,1700,2200,Court,134,81,1554,245
RNCH 11-107 MINUTE ORDER 7.28.23.pdf_image_1.png,1700,2200,Case Information,75,441,1102,565
RNCH 11-107 MINUTE ORDER 7.28.23.pdf_image_1.png,1700,2200,Details,94,736,1632,1035
RNCH 11-107 MINUTE ORDER 7.28.23.pdf_image_1.png,1700,2200,Body Paragraph,67,1108,1654,1695
RNCH 11-107 MINUTE ORDER 7.28.23.pdf_image_1.png,1700,2200,Footer,39,2046,1700,2200
RNCH 11-74 CONFORMED NOTICE OF LODGMENT.pdf_image_1.png,1700,2200,Conformed Stamp,263,107,1619,197
RNCH 11-74 CONFORMED NOTICE OF LODGMENT.pdf_image_1.png,1700,2200,Caption Page Information,273,194,1146,560
RNCH 11-74 CONFORMED NOTICE OF LODGMENT.pdf_image_1.png,1700,2200,Court,514,589,1373,731
RNCH 11-74 CONFORMED NOTICE OF LODGMENT.pdf_image_1.png,1700,2200,Caption Page Information,273,792,902,1333
RNCH 11-74 CONFORMED NOTICE OF LODGMENT.pdf_image_1.png,1700,2200,Case Information,902,792,1639,1336
RNCH 11-74 CONFORMED NOTICE OF LODGMENT.pdf_image_1.png,1700,2200,Footer,180,2114,1697,2197
RNCH 11-74 CONFORMED NOTICE OF LODGMENT.pdf_image_2.png,1700,2200,Body Paragraph,280,182,1629,653
RNCH 11-74 CONFORMED NOTICE OF LODGMENT.pdf_image_2.png,1700,2200,Signature Box,280,704,1619,1163
RNCH 11-74 CONFORMED NOTICE OF LODGMENT.pdf_image_2.png,1700,2200,Footer,92,2077,1700,2200
RNCH 11-74 SIGNED POS LAF T. MOORE 1.26.23.pdf_image_1.png,1654,2338,Caption Page Information,244,183,1137,559
RNCH 11-74 SIGNED POS LAF T. MOORE 1.26.23.pdf_image_1.png,1654,2338,Exemption Notice,1087,574,1620,678
RNCH 11-74 SIGNED POS LAF T. MOORE 1.26.23.pdf_image_1.png,1654,2338,Court,472,700,1411,855
RNCH 11-74 SIGNED POS LAF T. MOORE 1.26.23.pdf_image_1.png,1654,2338,Parties Information,258,881,894,1519
RNCH 11-74 SIGNED POS LAF T. MOORE 1.26.23.pdf_image_1.png,1654,2338,Case Information,896,876,1625,1526
RNCH 11-74 SIGNED POS LAF T. MOORE 1.26.23.pdf_image_1.png,1654,2338,Footer,34,2105,1654,2252
RNCH 11-74 SIGNED POS LAF T. MOORE 1.26.23.pdf_image_2.png,1654,2338,Document Title,742,178,1213,243
RNCH 11-74 SIGNED POS LAF T. MOORE 1.26.23.pdf_image_2.png,1654,2338,Address,261,297,1620,443
RNCH 11-74 SIGNED POS LAF T. MOORE 1.26.23.pdf_image_2.png,1654,2338,Addressee,270,569,708,716
RNCH 11-74 SIGNED POS LAF T. MOORE 1.26.23.pdf_image_2.png,1654,2338,Signature Box,280,1166,1582,1450
RNCH 11-74 SIGNED POS LAF T. MOORE 1.26.23.pdf_image_2.png,1654,2338,Footer,42,2078,1654,2290
RNCH 11-98 BOSCO SIGNED PROOF OF SERVICE 5.30.23.pdf_image_1.png,1700,2200,Filer Information,168,180,1129,397
RNCH 11-98 BOSCO SIGNED PROOF OF SERVICE 5.30.23.pdf_image_1.png,1700,2200,Court Information,165,380,1109,497
RNCH 11-98 BOSCO SIGNED PROOF OF SERVICE 5.30.23.pdf_image_1.png,1700,2200,Case Information,1117,504,1563,575
RNCH 11-98 BOSCO SIGNED PROOF OF SERVICE 5.30.23.pdf_image_1.png,1700,2200,Parties Information,170,497,1114,567
RNCH 11-98 BOSCO SIGNED PROOF OF SERVICE 5.30.23.pdf_image_1.png,1700,2200,Document Title,170,560,1107,604
RNCH 11-98 BOSCO SIGNED PROOF OF SERVICE 5.30.23.pdf_image_1.png,1700,2200,Documents Served,144,661,1628,756
RNCH 11-98 BOSCO SIGNED PROOF OF SERVICE 5.30.23.pdf_image_1.png,1700,2200,Addressee,134,766,954,931
RNCH 11-98 BOSCO SIGNED PROOF OF SERVICE 5.30.23.pdf_image_1.png,1700,2200,Signature Box,24,1666,1618,1964
RNCH 11-98 BOSCO SIGNED PROOF OF SERVICE 5.30.23.pdf_image_1.png,1700,2200,Footer,20,1964,1669,2200
Silverbirch Certificate of Counsel (signed)l.pdf_image_1.png,1700,2200,Filer Information,84,350,1125,606
Silverbirch Certificate of Counsel (signed)l.pdf_image_1.png,1700,2200,Parties Information,79,610,1125,810
Silverbirch Certificate of Counsel (signed)l.pdf_image_1.png,1700,2200,Case Number,1125,730,1650,813
Silverbirch Certificate of Counsel (signed)l.pdf_image_1.png,1700,2200,Document Title,75,805,1644,868
Silverbirch Certificate of Counsel (signed)l.pdf_image_1.png,1700,2200,Signature Box,52,1651,1652,1966
Silverbirch Certificate of Counsel (signed)l.pdf_image_1.png,1700,2200,Footer,40,1983,1700,2118
Silverbirch Civil Case Cover Sheet (signed).pdf_image_1.png,1700,2200,Filer Information,105,36,1107,248
Silverbirch Civil Case Cover Sheet (signed).pdf_image_1.png,1700,2200,Court Information,102,248,1094,405
Silverbirch Civil Case Cover Sheet (signed).pdf_image_1.png,1700,2200,Case Information,102,410,1104,473
Silverbirch Civil Case Cover Sheet (signed).pdf_image_1.png,1700,2200,Case Number,1094,478,1597,566
Silverbirch Civil Case Cover Sheet (signed).pdf_image_1.png,1700,2200,Judge Name,1105,573,1600,643
Silverbirch Civil Case Cover Sheet (signed).pdf_image_1.png,1700,2200,Signature Box,59,1735,1650,1865
Silverbirch Civil Case Cover Sheet (signed).pdf_image_1.png,1700,2200,Footer,15,2113,1700,2200
